model,MAE,RMSE,R2
original_on_drift,1.5056668609380721,1.8458076023538208,0.5018421240916875
updated_retrained_mixed,1.51900508304437,1.8555531139848722,0.4965678803569855
