model,params,size_kb,train_time_s
original,7,2.1142578125,1.1522215839999888
updated,7,2.1064453125,1.525208016999997
