item_id,true,pred,baseline,confidence,abs_error,why_failed,mitigation_idea
9,6.0,2.9033925533294678,3.0,0.9119033461209413,3.0966074466705322,high demand spike,retrain with drifted data
5,6.0,3.747476816177368,2.5,0.4449434106736882,2.252523183822632,possible OOD input,add confidence threshold
8,3.0,0.7492871880531311,1.0,0.7995440603533857,2.250712811946869,feature sensitivity,use fallback baseline
2,5.0,6.843955993652344,7.5,0.6038486876960855,1.8439559936523438,missing pattern not seen,improve monitoring
13,4.0,5.838634490966797,7.5,0.37574696019986786,1.8386344909667969,rare item behavior,collect more history
6,4.0,2.530139684677124,2.5,0.9707421380561893,1.469860315322876,baseline mismatch,blend baseline + model
1,0.7699999809265137,2.167304039001465,1.08,0.4790868995963637,1.3973040580749512,unit-related sensitivity,add stronger validation
12,6.0,5.067837238311768,4.0,0.4835970556446813,0.9321627616882324,low historical signal,regularize and retrain
