masked_feature,MAE,RMSE,R2,suspicious_predictions
last1,1.8371760845184326,2.348321956754065,-0.16110599040985107,0
last2,1.1953943967819214,1.4799424496621933,0.5388457179069519,0
roll2,1.252887487411499,1.6494551134619224,0.4271543622016907,0
is_piece,1.2252122163772583,1.5153897289657559,0.5164902210235596,0
essential,1.2812386751174927,1.6068090334348941,0.45639288425445557,0
pantry_qty,2.1612935066223145,2.7471912084855368,-0.5890383720397949,0
