epsilon,MAE,RMSE,R2,suspicious_predictions
0.01,1.2067195177078247,1.4941707034605223,0.5299359560012817,0
0.05,1.2615174055099487,1.541958867124361,0.49938690662384033,0
0.1,1.330014944076538,1.602752020504216,0.45913445949554443,0
