scenario,p50_ms,p90_ms,throughput
clean,0.014361999987499985,0.02788099999406768,48949.327167408504
noise_eps_0.1,0.013744000000315282,0.017595999992181532,66496.9664091516
updated_model_drift_data,0.022856000001070242,0.029429999997887535,45268.69687842872
