split,model,MAE,RMSE,R2
val,baseline_roll2,1.5803333333333331,2.2671976093847666,0.3786007888289068
val,global_linear,1.3789023925860724,1.8208138956590791,0.5992042882703643
test,baseline_roll2,1.3503333333333332,1.8517230714481403,0.2780473840062345
test,global_linear,1.214601026972135,1.487609506752629,0.5340551580797965
