section,MAE,RMSE,R2
clean_test,1.214601026972135,1.487609506752629,0.5340551580797965
ood_test,1.1827754974365234,1.597316342036309,0.4627969264984131
