scenario,MAE,RMSE,R2,suspicious_predictions
noise_eps_0.0,1.1930197477340698,1.4823507058169503,0.5373436212539673,0
noise_eps_0.05,1.1864235401153564,1.4811574496557671,0.5380882024765015,0
noise_eps_0.1,1.2311314344406128,1.5130172790730718,0.518002986907959,0
noise_eps_0.2,1.156083345413208,1.4402502536545014,0.5632504224777222,0
