feature,psi
last1,1.4295241720589194
roll2,1.7577168406324448
