item_id,true,before_pred,after_pred,before_error,after_error,improved
9,7.199999809265137,3.1670982837677,3.379871368408203,4.0329015254974365,3.8201284408569336,True
5,7.199999809265137,4.028631210327148,4.215543746948242,3.1713685989379883,2.9844560623168945,True
