split,model,MAE,RMSE,R2
val,baseline_roll2,1.5803333333333331,2.2671976093847666,0.3786007888289068
val,global_linear,1.5440477599700293,2.172914887582393,0.4292086552973341
test,baseline_roll2,1.3503333333333332,1.8517230714481403,0.2780473840062345
test,global_linear,1.1880118717749915,1.641614496197765,0.4325874005663495
